Archivo,HR Media IR (BPM),HR Media RED (BPM)
raw_data_92_76.csv,47.1269457736802,48.56543659164326
raw_data_92_78.csv,62.79301464219226,70.6713780918728
raw_data_93_100.csv,54.38297864949965,
raw_data_93_79.csv,48.808135876930166,35.645803569826406
raw_data_95_77_2.csv,50.11120694160626,48.20831896008165
raw_data_95_80.csv,55.19800030416938,54.876280457206256
raw_data_95_81_papa.csv,44.10181509145498,43.96404107394634
raw_data_95_99.csv,53.319851851717274,51.59659567438526
raw_data_97_119.csv,58.71979161179032,57.39702290213249
